label,repo_file,title,visual_group,intended_pages_or_section,creator_or_institution,rights_license_status,original_path,production_source,web_dimensions_px,original_dimensions_px,sequence
A01,images/labeled/a01-mediation-a-photograph-of-an-attractive-woman-with-a-white-lace-blindfold-roses-on.jpg,"A photograph of an attractive woman with a white lace blindfold, roses on her headband, long blonde hair, soft features",Group 3: Mediation,"Pages 27-38 / Article III, The Veil",Creator not verified,"Local/generated/unknown source; verify creator, source, and usage rights before final export.","C:\Users\toddl\OneDrive\Desktop\SCHOOL\Graph252 booklab\visceral-theory of sight assets\A photograph of an attractive woman with a white lace blindfold, roses on her headband, long blonde hair, soft features.jpeg",C:\Users\toddl\OneDrive\Documents\visceral\visceral-production-route\assets\asset-01.jpeg,1539x1800,3096x3620,01
A05,images/labeled/a05-social-constraint-adobestock-1024472839.jpg,AdobeStock_1024472839,Group 2: Social Constraint,"Pages 17-26 / Article II, The Constraint",Adobe Stock contributor not verified,Adobe Stock filename present; verify local license before final export.,C:\Users\toddl\OneDrive\Desktop\SCHOOL\Graph252 booklab\visceral-theory of sight assets\AdobeStock_1024472839.jpeg,C:\Users\toddl\OneDrive\Documents\visceral\visceral-production-route\assets\asset-05.jpeg,1800x1200,6048x4032,05
A06,images/labeled/a06-social-constraint-adobestock-1040196803.jpg,AdobeStock_1040196803,Group 2: Social Constraint,"Pages 17-26 / Article II, The Constraint",Adobe Stock contributor not verified,Adobe Stock filename present; verify local license before final export.,C:\Users\toddl\OneDrive\Desktop\SCHOOL\Graph252 booklab\visceral-theory of sight assets\AdobeStock_1040196803.jpeg,C:\Users\toddl\OneDrive\Documents\visceral\visceral-production-route\assets\asset-06.jpeg,1800x1009,5824x3264,06
A07,images/labeled/a07-social-constraint-adobestock-1044937382.jpg,AdobeStock_1044937382,Group 2: Social Constraint,"Pages 17-26 / Article II, The Constraint",Adobe Stock contributor not verified,Adobe Stock filename present; verify local license before final export.,C:\Users\toddl\OneDrive\Desktop\SCHOOL\Graph252 booklab\visceral-theory of sight assets\AdobeStock_1044937382.jpeg,C:\Users\toddl\OneDrive\Documents\visceral\visceral-production-route\assets\asset-07.jpeg,1800x1200,5376x3584,07
A08,images/labeled/a08-social-constraint-adobestock-1225023891.jpg,AdobeStock_1225023891,Group 2: Social Constraint,"Pages 17-26 / Article II, The Constraint",Adobe Stock contributor not verified,Adobe Stock filename present; verify local license before final export.,C:\Users\toddl\OneDrive\Desktop\SCHOOL\Graph252 booklab\visceral-theory of sight assets\AdobeStock_1225023891.jpeg,C:\Users\toddl\OneDrive\Documents\visceral\visceral-production-route\assets\asset-08.jpeg,1800x1800,4096x4096,08
A09,images/labeled/a09-social-constraint-adobestock-140076283.jpg,AdobeStock_140076283,Group 2: Social Constraint,"Pages 17-26 / Article II, The Constraint",Adobe Stock contributor not verified,Adobe Stock filename present; verify local license before final export.,C:\Users\toddl\OneDrive\Desktop\SCHOOL\Graph252 booklab\visceral-theory of sight assets\AdobeStock_140076283.jpeg,C:\Users\toddl\OneDrive\Documents\visceral\visceral-production-route\assets\asset-09.jpeg,1800x1200,4500x3000,09
A10,images/labeled/a10-social-constraint-adobestock-1462135790.jpg,AdobeStock_1462135790,Group 2: Social Constraint,"Pages 17-26 / Article II, The Constraint",Adobe Stock contributor not verified,Adobe Stock filename present; verify local license before final export.,C:\Users\toddl\OneDrive\Desktop\SCHOOL\Graph252 booklab\visceral-theory of sight assets\AdobeStock_1462135790.jpeg,C:\Users\toddl\OneDrive\Documents\visceral\visceral-production-route\assets\asset-10.jpeg,1800x1009,5824x3264,10
A11,images/labeled/a11-social-constraint-adobestock-206067082.jpg,AdobeStock_206067082,Group 2: Social Constraint,"Pages 17-26 / Article II, The Constraint",Adobe Stock contributor not verified,Adobe Stock filename present; verify local license before final export.,C:\Users\toddl\OneDrive\Desktop\SCHOOL\Graph252 booklab\visceral-theory of sight assets\AdobeStock_206067082.jpeg,C:\Users\toddl\OneDrive\Documents\visceral\visceral-production-route\assets\asset-11.jpeg,1800x854,7888x3744,11
A12,images/labeled/a12-social-constraint-adobestock-268225510.jpg,AdobeStock_268225510,Group 2: Social Constraint,"Pages 17-26 / Article II, The Constraint",Adobe Stock contributor not verified,Adobe Stock filename present; verify local license before final export.,C:\Users\toddl\OneDrive\Desktop\SCHOOL\Graph252 booklab\visceral-theory of sight assets\AdobeStock_268225510.jpeg,C:\Users\toddl\OneDrive\Documents\visceral\visceral-production-route\assets\asset-12.jpeg,1800x538,3677x1100,12
A13,images/labeled/a13-social-constraint-adobestock-320500758.jpg,AdobeStock_320500758,Group 2: Social Constraint,"Pages 17-26 / Article II, The Constraint",Adobe Stock contributor not verified,Adobe Stock filename present; verify local license before final export.,C:\Users\toddl\OneDrive\Desktop\SCHOOL\Graph252 booklab\visceral-theory of sight assets\AdobeStock_320500758.jpeg,C:\Users\toddl\OneDrive\Documents\visceral\visceral-production-route\assets\asset-13.jpeg,1200x1800,4480x6720,13
A14,images/labeled/a14-social-constraint-adobestock-368079012.jpg,AdobeStock_368079012,Group 2: Social Constraint,"Pages 17-26 / Article II, The Constraint",Adobe Stock contributor not verified,Adobe Stock filename present; verify local license before final export.,C:\Users\toddl\OneDrive\Desktop\SCHOOL\Graph252 booklab\visceral-theory of sight assets\AdobeStock_368079012.jpeg,C:\Users\toddl\OneDrive\Documents\visceral\visceral-production-route\assets\asset-14.jpeg,1800x1200,4692x3128,14
A15,images/labeled/a15-social-constraint-adobestock-378198491.jpg,AdobeStock_378198491,Group 2: Social Constraint,"Pages 17-26 / Article II, The Constraint",Adobe Stock contributor not verified,Adobe Stock filename present; verify local license before final export.,C:\Users\toddl\OneDrive\Desktop\SCHOOL\Graph252 booklab\visceral-theory of sight assets\AdobeStock_378198491.jpeg,C:\Users\toddl\OneDrive\Documents\visceral\visceral-production-route\assets\asset-15.jpeg,1800x1200,6720x4480,15
A16,images/labeled/a16-social-constraint-adobestock-565582008.jpg,AdobeStock_565582008,Group 2: Social Constraint,"Pages 17-26 / Article II, The Constraint",Adobe Stock contributor not verified,Adobe Stock filename present; verify local license before final export.,C:\Users\toddl\OneDrive\Desktop\SCHOOL\Graph252 booklab\visceral-theory of sight assets\AdobeStock_565582008.jpeg,C:\Users\toddl\OneDrive\Documents\visceral\visceral-production-route\assets\asset-16.jpeg,1800x800,9216x4096,16
A17,images/labeled/a17-social-constraint-adobestock-720156971.jpg,AdobeStock_720156971,Group 2: Social Constraint,"Pages 17-26 / Article II, The Constraint",Adobe Stock contributor not verified,Adobe Stock filename present; verify local license before final export.,C:\Users\toddl\OneDrive\Desktop\SCHOOL\Graph252 booklab\visceral-theory of sight assets\AdobeStock_720156971.jpeg,C:\Users\toddl\OneDrive\Documents\visceral\visceral-production-route\assets\asset-17.jpeg,1800x1165,5376x3480,17
A18,images/labeled/a18-social-constraint-adobestock-730927617.jpg,AdobeStock_730927617,Group 2: Social Constraint,"Pages 17-26 / Article II, The Constraint",Adobe Stock contributor not verified,Adobe Stock filename present; verify local license before final export.,C:\Users\toddl\OneDrive\Desktop\SCHOOL\Graph252 booklab\visceral-theory of sight assets\AdobeStock_730927617.jpeg,C:\Users\toddl\OneDrive\Documents\visceral\visceral-production-route\assets\asset-18.jpeg,1800x968,5952x3200,18
A19,images/labeled/a19-social-constraint-adobestock-973721353.jpg,AdobeStock_973721353,Group 2: Social Constraint,"Pages 17-26 / Article II, The Constraint",Adobe Stock contributor not verified,Adobe Stock filename present; verify local license before final export.,C:\Users\toddl\OneDrive\Desktop\SCHOOL\Graph252 booklab\visceral-theory of sight assets\AdobeStock_973721353.jpeg,C:\Users\toddl\OneDrive\Documents\visceral\visceral-production-route\assets\asset-19.jpeg,1800x1200,6048x4032,19
A20,images/labeled/a20-mediation-alex-bracken-l1sjo7tmvec-unsplash.jpg,alex-bracken-l1SJO7TMVEc-unsplash,Group 3: Mediation,"Pages 27-38 / Article III, The Veil",Alex Bracken L1Sjo7Tmvec / Unsplash filename,Unsplash filename present; verify source URL and license before final export.,C:\Users\toddl\OneDrive\Desktop\SCHOOL\Graph252 booklab\visceral-theory of sight assets\alex-bracken-l1SJO7TMVEc-unsplash.jpg,C:\Users\toddl\OneDrive\Documents\visceral\visceral-production-route\assets\asset-20.jpg,1800x1200,4608x3072,20
A21,images/labeled/a21-raw-agency-alexander-krivitskiy-az7rqwlwkhi-unsplash.jpg,alexander-krivitskiy-az7rqWLWkhI-unsplash,Group 1: Raw Agency,"Pages 8-16 / Article I, The Body",Alexander Krivitskiy Az7Rqwlwkhi / Unsplash filename,Unsplash filename present; verify source URL and license before final export.,C:\Users\toddl\OneDrive\Desktop\SCHOOL\Graph252 booklab\visceral-theory of sight assets\alexander-krivitskiy-az7rqWLWkhI-unsplash.jpg,C:\Users\toddl\OneDrive\Documents\visceral\visceral-production-route\assets\asset-21.jpg,1153x1800,3844x6000,21
A22,images/labeled/a22-social-constraint-alexander-krivitskiy-gfopukdkmvo-unsplash.jpg,alexander-krivitskiy-GfOpUKdkMvo-unsplash,Group 2: Social Constraint,"Pages 17-26 / Article II, The Constraint",Alexander Krivitskiy Gfopukdkmvo / Unsplash filename,Unsplash filename present; verify source URL and license before final export.,C:\Users\toddl\OneDrive\Desktop\SCHOOL\Graph252 booklab\visceral-theory of sight assets\alexander-krivitskiy-GfOpUKdkMvo-unsplash.jpg,C:\Users\toddl\OneDrive\Documents\visceral\visceral-production-route\assets\asset-22.jpg,1459x1800,4864x6000,22
A23,images/labeled/a23-mediation-allef-vinicius-dkrntf-jgtw-unsplash.jpg,allef-vinicius-DKrNTF_Jgtw-unsplash,Group 3: Mediation,"Pages 27-38 / Article III, The Veil",Allef Vinicius Dkrntf_Jgtw / Unsplash filename,Unsplash filename present; verify source URL and license before final export.,C:\Users\toddl\OneDrive\Desktop\SCHOOL\Graph252 booklab\visceral-theory of sight assets\allef-vinicius-DKrNTF_Jgtw-unsplash.jpg,C:\Users\toddl\OneDrive\Documents\visceral\visceral-production-route\assets\asset-23.jpg,1800x1200,5184x3456,23
A24,images/labeled/a24-raw-agency-amir-geshani-2jh8d3chnec-unsplash.jpg,amir-geshani-2JH8d3ChNec-unsplash,Group 1: Raw Agency,"Pages 8-16 / Article I, The Body",Amir Geshani 2Jh8D3Chnec / Unsplash filename,Unsplash filename present; verify source URL and license before final export.,C:\Users\toddl\OneDrive\Desktop\SCHOOL\Graph252 booklab\visceral-theory of sight assets\amir-geshani-2JH8d3ChNec-unsplash.jpg,C:\Users\toddl\OneDrive\Documents\visceral\visceral-production-route\assets\asset-24.jpg,1200x1800,3200x4800,24
A25,images/labeled/a25-social-constraint-andrey-zvyagintsev-t8iknlqojcq-unsplash.jpg,andrey-zvyagintsev-T8IkNlQojCQ-unsplash,Group 2: Social Constraint,"Pages 17-26 / Article II, The Constraint",Andrey Zvyagintsev T8Iknlqojcq / Unsplash filename,Unsplash filename present; verify source URL and license before final export.,C:\Users\toddl\OneDrive\Desktop\SCHOOL\Graph252 booklab\visceral-theory of sight assets\andrey-zvyagintsev-T8IkNlQojCQ-unsplash.jpg,C:\Users\toddl\OneDrive\Documents\visceral\visceral-production-route\assets\asset-25.jpg,1800x1200,6000x4000,25
A26,images/labeled/a26-mediation-arielle-allouche-h82rqe4gria-unsplash.jpg,arielle-allouche-H82Rqe4griA-unsplash,Group 3: Mediation,"Pages 27-38 / Article III, The Veil",Arielle Allouche H82Rqe4Gria / Unsplash filename,Unsplash filename present; verify source URL and license before final export.,C:\Users\toddl\OneDrive\Desktop\SCHOOL\Graph252 booklab\visceral-theory of sight assets\arielle-allouche-H82Rqe4griA-unsplash.jpg,C:\Users\toddl\OneDrive\Documents\visceral\visceral-production-route\assets\asset-26.jpg,1350x1800,1938x2584,26
A27,images/labeled/a27-raw-agency-baran-lotfollahi-lobgof8rurg-unsplash.jpg,baran-lotfollahi-LOBgOf8Rurg-unsplash,Group 1: Raw Agency,"Pages 8-16 / Article I, The Body",Baran Lotfollahi Lobgof8Rurg / Unsplash filename,Unsplash filename present; verify source URL and license before final export.,C:\Users\toddl\OneDrive\Desktop\SCHOOL\Graph252 booklab\visceral-theory of sight assets\baran-lotfollahi-LOBgOf8Rurg-unsplash.jpg,C:\Users\toddl\OneDrive\Documents\visceral\visceral-production-route\assets\asset-27.jpg,1200x1800,3456x5184,27
A28,images/labeled/a28-social-constraint-birmingham-museums-trust-oqpbewogd0o-unsplash.jpg,birmingham-museums-trust-oQpbeWoGD0o-unsplash,Group 2: Social Constraint,"Pages 17-26 / Article II, The Constraint",Birmingham Museums Trust Oqpbewogd0O / Unsplash filename,Unsplash filename present; verify source URL and license before final export.,C:\Users\toddl\OneDrive\Desktop\SCHOOL\Graph252 booklab\visceral-theory of sight assets\birmingham-museums-trust-oQpbeWoGD0o-unsplash.jpg,C:\Users\toddl\OneDrive\Documents\visceral\visceral-production-route\assets\asset-28.jpg,1644x1800,3512x3846,28
A29,images/labeled/a29-mediation-boston-public-library-grbfmxpumu4-unsplash.jpg,boston-public-library-gRbFMxpUMU4-unsplash,Group 3: Mediation,"Pages 27-38 / Article III, The Veil",Boston Public Library Grbfmxpumu4 / Unsplash filename,Unsplash filename present; verify source URL and license before final export.,C:\Users\toddl\OneDrive\Desktop\SCHOOL\Graph252 booklab\visceral-theory of sight assets\boston-public-library-gRbFMxpUMU4-unsplash.jpg,C:\Users\toddl\OneDrive\Documents\visceral\visceral-production-route\assets\asset-29.jpg,1265x1800,7064x10048,29
A30,images/labeled/a30-raw-agency-brunxs-monochrome-spniqdcpi9u-unsplash.jpg,brunxs-monochrome-sPnIqdCPI9U-unsplash,Group 1: Raw Agency,"Pages 8-16 / Article I, The Body",Brunxs Monochrome Spniqdcpi9U / Unsplash filename,Unsplash filename present; verify source URL and license before final export.,C:\Users\toddl\OneDrive\Desktop\SCHOOL\Graph252 booklab\visceral-theory of sight assets\brunxs-monochrome-sPnIqdCPI9U-unsplash.jpg,C:\Users\toddl\OneDrive\Documents\visceral\visceral-production-route\assets\asset-30.jpg,1800x1202,5316x3549,30
A31,images/labeled/a31-social-constraint-caleb-kastein-lmnz6-icim8-unsplash.jpg,caleb-kastein-lmNz6-ICIM8-unsplash,Group 2: Social Constraint,"Pages 17-26 / Article II, The Constraint",Caleb Kastein Lmnz6 Icim8 / Unsplash filename,Unsplash filename present; verify source URL and license before final export.,C:\Users\toddl\OneDrive\Desktop\SCHOOL\Graph252 booklab\visceral-theory of sight assets\caleb-kastein-lmNz6-ICIM8-unsplash.jpg,C:\Users\toddl\OneDrive\Documents\visceral\visceral-production-route\assets\asset-31.jpg,1494x1800,3842x4629,31
A32,images/labeled/a32-mediation-camila-quintero-franco-mc852jack1g-unsplash.jpg,camila-quintero-franco-mC852jACK1g-unsplash,Group 3: Mediation,"Pages 27-38 / Article III, The Veil",Camila Quintero Franco Mc852Jack1G / Unsplash filename,Unsplash filename present; verify source URL and license before final export.,C:\Users\toddl\OneDrive\Desktop\SCHOOL\Graph252 booklab\visceral-theory of sight assets\camila-quintero-franco-mC852jACK1g-unsplash.jpg,C:\Users\toddl\OneDrive\Documents\visceral\visceral-production-route\assets\asset-32.jpg,1235x1800,4000x5832,32
A33,images/labeled/a33-raw-agency-carl-cheng-o4l-vetcxhy-unsplash.jpg,carl-cheng-o4L-veTcXHY-unsplash,Group 1: Raw Agency,"Pages 8-16 / Article I, The Body",Carl Cheng O4L Vetcxhy / Unsplash filename,Unsplash filename present; verify source URL and license before final export.,C:\Users\toddl\OneDrive\Desktop\SCHOOL\Graph252 booklab\visceral-theory of sight assets\carl-cheng-o4L-veTcXHY-unsplash.jpg,C:\Users\toddl\OneDrive\Documents\visceral\visceral-production-route\assets\asset-33.jpg,1800x1201,7360x4912,33
A34,images/labeled/a34-social-constraint-cole-keister-d6zqt8nfiq4-unsplash.jpg,cole-keister-D6zQt8NfIq4-unsplash,Group 2: Social Constraint,"Pages 17-26 / Article II, The Constraint",Cole Keister D6Zqt8Nfiq4 / Unsplash filename,Unsplash filename present; verify source URL and license before final export.,C:\Users\toddl\OneDrive\Desktop\SCHOOL\Graph252 booklab\visceral-theory of sight assets\cole-keister-D6zQt8NfIq4-unsplash.jpg,C:\Users\toddl\OneDrive\Documents\visceral\visceral-production-route\assets\asset-34.jpg,1350x1800,3442x4589,34
A35,images/labeled/a35-mediation-darius-bashar-3xegkkbinck-unsplash.jpg,darius-bashar-3XEgKKBinCk-unsplash,Group 3: Mediation,"Pages 27-38 / Article III, The Veil",Darius Bashar 3Xegkkbinck / Unsplash filename,Unsplash filename present; verify source URL and license before final export.,C:\Users\toddl\OneDrive\Desktop\SCHOOL\Graph252 booklab\visceral-theory of sight assets\darius-bashar-3XEgKKBinCk-unsplash.jpg,C:\Users\toddl\OneDrive\Documents\visceral\visceral-production-route\assets\asset-35.jpg,1800x1200,4032x2688,35
A36,images/labeled/a36-raw-agency-drew-dizzy-graham-ctkgzjtmjqu-unsplash.jpg,drew-dizzy-graham-cTKGZJTMJQU-unsplash,Group 1: Raw Agency,"Pages 8-16 / Article I, The Body",Drew Dizzy Graham Ctkgzjtmjqu / Unsplash filename,Unsplash filename present; verify source URL and license before final export.,C:\Users\toddl\OneDrive\Desktop\SCHOOL\Graph252 booklab\visceral-theory of sight assets\drew-dizzy-graham-cTKGZJTMJQU-unsplash.jpg,C:\Users\toddl\OneDrive\Documents\visceral\visceral-production-route\assets\asset-36.jpg,1200x1800,4480x6720,36
A37,images/labeled/a37-social-constraint-elias-maurer-ssplu7ipc8g-unsplash.jpg,elias-maurer-sSpLu7IPC8g-unsplash,Group 2: Social Constraint,"Pages 17-26 / Article II, The Constraint",Elias Maurer Ssplu7Ipc8G / Unsplash filename,Unsplash filename present; verify source URL and license before final export.,C:\Users\toddl\OneDrive\Desktop\SCHOOL\Graph252 booklab\visceral-theory of sight assets\elias-maurer-sSpLu7IPC8g-unsplash.jpg,C:\Users\toddl\OneDrive\Documents\visceral\visceral-production-route\assets\asset-37.jpg,1198x1800,3138x4716,37
A38,images/labeled/a38-mediation-elvis-kaiser-rqbk5ez6qa0-unsplash.jpg,elvis-kaiser-Rqbk5ez6Qa0-unsplash,Group 3: Mediation,"Pages 27-38 / Article III, The Veil",Elvis Kaiser Rqbk5Ez6Qa0 / Unsplash filename,Unsplash filename present; verify source URL and license before final export.,C:\Users\toddl\OneDrive\Desktop\SCHOOL\Graph252 booklab\visceral-theory of sight assets\elvis-kaiser-Rqbk5ez6Qa0-unsplash.jpg,C:\Users\toddl\OneDrive\Documents\visceral\visceral-production-route\assets\asset-38.jpg,1200x1800,4000x6000,38
A39,images/labeled/a39-raw-agency-enesh-taganova-ioxgidqvqyq-unsplash-1.jpg,enesh-taganova-IoXGIDqVqYQ-unsplash (1),Group 1: Raw Agency,"Pages 8-16 / Article I, The Body",Enesh Taganova Ioxgidqvqyq / Unsplash filename,Unsplash filename present; verify source URL and license before final export.,C:\Users\toddl\OneDrive\Desktop\SCHOOL\Graph252 booklab\visceral-theory of sight assets\enesh-taganova-IoXGIDqVqYQ-unsplash (1).jpg,C:\Users\toddl\OneDrive\Documents\visceral\visceral-production-route\assets\asset-39.jpg,1271x1800,2400x3398,39
A40,images/labeled/a40-social-constraint-erik-mclean-gjtz5ckgeew-unsplash.jpg,erik-mclean-gjtz5cKGEEw-unsplash,Group 2: Social Constraint,"Pages 17-26 / Article II, The Constraint",Erik Mclean Gjtz5Ckgeew / Unsplash filename,Unsplash filename present; verify source URL and license before final export.,C:\Users\toddl\OneDrive\Desktop\SCHOOL\Graph252 booklab\visceral-theory of sight assets\erik-mclean-gjtz5cKGEEw-unsplash.jpg,C:\Users\toddl\OneDrive\Documents\visceral\visceral-production-route\assets\asset-40.jpg,1800x1200,4180x2787,40
A41,images/labeled/a41-mediation-europeana-lbt8newonko-unsplash.jpg,europeana-lBt8NEWOnko-unsplash,Group 3: Mediation,"Pages 27-38 / Article III, The Veil",Europeana Lbt8Newonko / Unsplash filename,Unsplash filename present; verify source URL and license before final export.,C:\Users\toddl\OneDrive\Desktop\SCHOOL\Graph252 booklab\visceral-theory of sight assets\europeana-lBt8NEWOnko-unsplash.jpg,C:\Users\toddl\OneDrive\Documents\visceral\visceral-production-route\assets\asset-41.jpg,1344x1800,3144x4212,41
A42,images/labeled/a42-raw-agency-europeana-wwghncxmcqi-unsplash.jpg,europeana-wwgHncxMcQI-unsplash,Group 1: Raw Agency,"Pages 8-16 / Article I, The Body",Europeana Wwghncxmcqi / Unsplash filename,Unsplash filename present; verify source URL and license before final export.,C:\Users\toddl\OneDrive\Desktop\SCHOOL\Graph252 booklab\visceral-theory of sight assets\europeana-wwgHncxMcQI-unsplash.jpg,C:\Users\toddl\OneDrive\Documents\visceral\visceral-production-route\assets\asset-42.jpg,1437x1800,2787x3492,42
A43,images/labeled/a43-social-constraint-evilicio-inc-1hty8zlswls-unsplash.jpg,evilicio-inc-1HTY8zLsWLs-unsplash,Group 2: Social Constraint,"Pages 17-26 / Article II, The Constraint",Evilicio Inc 1Hty8Zlswls / Unsplash filename,Unsplash filename present; verify source URL and license before final export.,C:\Users\toddl\OneDrive\Desktop\SCHOOL\Graph252 booklab\visceral-theory of sight assets\evilicio-inc-1HTY8zLsWLs-unsplash.jpg,C:\Users\toddl\OneDrive\Documents\visceral\visceral-production-route\assets\asset-43.jpg,1285x1800,2240x3137,43
A44,images/labeled/a44-mediation-flaviu-costin-vr-sbbcwklc-unsplash.jpg,flaviu-costin-Vr-sBbCWklc-unsplash,Group 3: Mediation,"Pages 27-38 / Article III, The Veil",Flaviu Costin Vr Sbbcwklc / Unsplash filename,Unsplash filename present; verify source URL and license before final export.,C:\Users\toddl\OneDrive\Desktop\SCHOOL\Graph252 booklab\visceral-theory of sight assets\flaviu-costin-Vr-sBbCWklc-unsplash.jpg,C:\Users\toddl\OneDrive\Documents\visceral\visceral-production-route\assets\asset-44.jpg,1200x1800,4000x6000,44
A45,images/labeled/a45-raw-agency-good-faces-r8vsytyy2oe-unsplash.jpg,good-faces-R8VSYtyY2oE-unsplash,Group 1: Raw Agency,"Pages 8-16 / Article I, The Body",Good Faces R8Vsytyy2Oe / Unsplash filename,Unsplash filename present; verify source URL and license before final export.,C:\Users\toddl\OneDrive\Desktop\SCHOOL\Graph252 booklab\visceral-theory of sight assets\good-faces-R8VSYtyY2oE-unsplash.jpg,C:\Users\toddl\OneDrive\Documents\visceral\visceral-production-route\assets\asset-45.jpg,1200x1800,2730x4096,45
A46,images/labeled/a46-social-constraint-harry-quan-g1iycecw2ei-unsplash.jpg,harry-quan-G1iYCeCW2EI-unsplash,Group 2: Social Constraint,"Pages 17-26 / Article II, The Constraint",Harry Quan G1Iycecw2Ei / Unsplash filename,Unsplash filename present; verify source URL and license before final export.,C:\Users\toddl\OneDrive\Desktop\SCHOOL\Graph252 booklab\visceral-theory of sight assets\harry-quan-G1iYCeCW2EI-unsplash.jpg,C:\Users\toddl\OneDrive\Documents\visceral\visceral-production-route\assets\asset-46.jpg,1800x1202,2619x1749,46
A47,images/labeled/a47-mediation-igor-rand-giw9ccl3hxa-unsplash.jpg,igor-rand-GIW9CCL3HxA-unsplash,Group 3: Mediation,"Pages 27-38 / Article III, The Veil",Igor Rand Giw9Ccl3Hxa / Unsplash filename,Unsplash filename present; verify source URL and license before final export.,C:\Users\toddl\OneDrive\Desktop\SCHOOL\Graph252 booklab\visceral-theory of sight assets\igor-rand-GIW9CCL3HxA-unsplash.jpg,C:\Users\toddl\OneDrive\Documents\visceral\visceral-production-route\assets\asset-47.jpg,1350x1800,5152x6869,47
A48,images/labeled/a48-raw-agency-ilya-mondryk-oceeo0ayn1s-unsplash.jpg,ilya-mondryk-OCEeo0aYN1s-unsplash,Group 1: Raw Agency,"Pages 8-16 / Article I, The Body",Ilya Mondryk Oceeo0Ayn1S / Unsplash filename,Unsplash filename present; verify source URL and license before final export.,C:\Users\toddl\OneDrive\Desktop\SCHOOL\Graph252 booklab\visceral-theory of sight assets\ilya-mondryk-OCEeo0aYN1s-unsplash.jpg,C:\Users\toddl\OneDrive\Documents\visceral\visceral-production-route\assets\asset-48.jpg,1200x1800,2912x4368,48
A49,images/labeled/a49-social-constraint-janko-ferlic-brzt6bdt6na-unsplash.jpg,janko-ferlic-brZT6bdt6NA-unsplash,Group 2: Social Constraint,"Pages 17-26 / Article II, The Constraint",Janko Ferlic Brzt6Bdt6Na / Unsplash filename,Unsplash filename present; verify source URL and license before final export.,C:\Users\toddl\OneDrive\Desktop\SCHOOL\Graph252 booklab\visceral-theory of sight assets\janko-ferlic-brZT6bdt6NA-unsplash.jpg,C:\Users\toddl\OneDrive\Documents\visceral\visceral-production-route\assets\asset-49.jpg,1800x1440,4912x3930,49
A50,images/labeled/a50-mediation-jr-korpa-0lokelbdsbw-unsplash.jpg,jr-korpa-0lOkeLbdsBw-unsplash,Group 3: Mediation,"Pages 27-38 / Article III, The Veil",Jr Korpa 0Lokelbdsbw / Unsplash filename,Unsplash filename present; verify source URL and license before final export.,C:\Users\toddl\OneDrive\Desktop\SCHOOL\Graph252 booklab\visceral-theory of sight assets\jr-korpa-0lOkeLbdsBw-unsplash.jpg,C:\Users\toddl\OneDrive\Documents\visceral\visceral-production-route\assets\asset-50.jpg,1800x1072,6000x3573,50
A51,images/labeled/a51-raw-agency-library-of-congress-v0jinhbf3xq-unsplash.jpg,library-of-congress-v0jInHBf3XQ-unsplash,Group 1: Raw Agency,"Pages 8-16 / Article I, The Body",Library Of Congress V0Jinhbf3Xq / Unsplash filename,Unsplash filename present; verify source URL and license before final export.,C:\Users\toddl\OneDrive\Desktop\SCHOOL\Graph252 booklab\visceral-theory of sight assets\library-of-congress-v0jInHBf3XQ-unsplash.jpg,C:\Users\toddl\OneDrive\Documents\visceral\visceral-production-route\assets\asset-51.jpg,1226x1800,2493x3661,51
A52,images/labeled/a52-social-constraint-lorraine-hill-4dyxkga2gxa-unsplash.jpg,lorraine-hill-4dyXkga2GxA-unsplash,Group 2: Social Constraint,"Pages 17-26 / Article II, The Constraint",Lorraine Hill 4Dyxkga2Gxa / Unsplash filename,Unsplash filename present; verify source URL and license before final export.,C:\Users\toddl\OneDrive\Desktop\SCHOOL\Graph252 booklab\visceral-theory of sight assets\lorraine-hill-4dyXkga2GxA-unsplash.jpg,C:\Users\toddl\OneDrive\Documents\visceral\visceral-production-route\assets\asset-52.jpg,1350x1800,2316x3088,52
A53,images/labeled/a53-mediation-mahdi-bafande-rw-azxeky7q-unsplash.jpg,mahdi-bafande-rw-AZxeky7Q-unsplash,Group 3: Mediation,"Pages 27-38 / Article III, The Veil",Mahdi Bafande Rw Azxeky7Q / Unsplash filename,Unsplash filename present; verify source URL and license before final export.,C:\Users\toddl\OneDrive\Desktop\SCHOOL\Graph252 booklab\visceral-theory of sight assets\mahdi-bafande-rw-AZxeky7Q-unsplash.jpg,C:\Users\toddl\OneDrive\Documents\visceral\visceral-production-route\assets\asset-53.jpg,1200x1800,4000x6000,53
A54,images/labeled/a54-raw-agency-nastia-petruk-f-hajyv3wye-unsplash.jpg,nastia-petruk-F-HAjYv3WyE-unsplash,Group 1: Raw Agency,"Pages 8-16 / Article I, The Body",Nastia Petruk F Hajyv3Wye / Unsplash filename,Unsplash filename present; verify source URL and license before final export.,C:\Users\toddl\OneDrive\Desktop\SCHOOL\Graph252 booklab\visceral-theory of sight assets\nastia-petruk-F-HAjYv3WyE-unsplash.jpg,C:\Users\toddl\OneDrive\Documents\visceral\visceral-production-route\assets\asset-54.jpg,1800x1200,4797x3198,54
A55,images/labeled/a55-social-constraint-nina-zeynep-guler-fjjivsx-bxm-unsplash.jpg,nina-zeynep-guler-fjJiVSX-BxM-unsplash,Group 2: Social Constraint,"Pages 17-26 / Article II, The Constraint",Nina Zeynep Guler Fjjivsx Bxm / Unsplash filename,Unsplash filename present; verify source URL and license before final export.,C:\Users\toddl\OneDrive\Desktop\SCHOOL\Graph252 booklab\visceral-theory of sight assets\nina-zeynep-guler-fjJiVSX-BxM-unsplash.jpg,C:\Users\toddl\OneDrive\Documents\visceral\visceral-production-route\assets\asset-55.jpg,1200x1800,4160x6240,55
A56,images/labeled/a56-mediation-noah-buscher-11ldehfy-ha-unsplash.jpg,noah-buscher-11lDEHFy_hA-unsplash,Group 3: Mediation,"Pages 27-38 / Article III, The Veil",Noah Buscher 11Ldehfy_Ha / Unsplash filename,Unsplash filename present; verify source URL and license before final export.,C:\Users\toddl\OneDrive\Desktop\SCHOOL\Graph252 booklab\visceral-theory of sight assets\noah-buscher-11lDEHFy_hA-unsplash.jpg,C:\Users\toddl\OneDrive\Documents\visceral\visceral-production-route\assets\asset-56.jpg,1800x1800,3000x3000,56
A57,images/labeled/a57-raw-agency-ovie-ogege-6bwt4ci-ujs-unsplash.jpg,ovie-ogege-6bwT4cI_UJs-unsplash,Group 1: Raw Agency,"Pages 8-16 / Article I, The Body",Ovie Ogege 6Bwt4Ci_Ujs / Unsplash filename,Unsplash filename present; verify source URL and license before final export.,C:\Users\toddl\OneDrive\Desktop\SCHOOL\Graph252 booklab\visceral-theory of sight assets\ovie-ogege-6bwT4cI_UJs-unsplash.jpg,C:\Users\toddl\OneDrive\Documents\visceral\visceral-production-route\assets\asset-57.jpg,1440x1800,3456x4320,57
A58,images/labeled/a58-social-constraint-see-plus-np3s9byoqac-unsplash.jpg,see-plus-NP3s9BYOqAc-unsplash,Group 2: Social Constraint,"Pages 17-26 / Article II, The Constraint",See Plus Np3S9Byoqac / Unsplash filename,Unsplash filename present; verify source URL and license before final export.,C:\Users\toddl\OneDrive\Desktop\SCHOOL\Graph252 booklab\visceral-theory of sight assets\see-plus-NP3s9BYOqAc-unsplash.jpg,C:\Users\toddl\OneDrive\Documents\visceral\visceral-production-route\assets\asset-58.jpg,1205x1800,6336x9467,58
A59,images/labeled/a59-mediation-smithsonian-elpq3w9epnk-unsplash.jpg,smithsonian-ELPq3W9Epnk-unsplash,Group 3: Mediation,"Pages 27-38 / Article III, The Veil",Smithsonian Elpq3W9Epnk / Unsplash filename,Unsplash filename present; verify source URL and license before final export.,C:\Users\toddl\OneDrive\Desktop\SCHOOL\Graph252 booklab\visceral-theory of sight assets\smithsonian-ELPq3W9Epnk-unsplash.jpg,C:\Users\toddl\OneDrive\Documents\visceral\visceral-production-route\assets\asset-59.jpg,1800x1502,2939x2453,59
A60,images/labeled/a60-raw-agency-smithsonian-otg-zz0tybe-unsplash.jpg,smithsonian-OtG-Zz0tYbE-unsplash,Group 1: Raw Agency,"Pages 8-16 / Article I, The Body",Smithsonian Otg Zz0Tybe / Unsplash filename,Unsplash filename present; verify source URL and license before final export.,C:\Users\toddl\OneDrive\Desktop\SCHOOL\Graph252 booklab\visceral-theory of sight assets\smithsonian-OtG-Zz0tYbE-unsplash.jpg,C:\Users\toddl\OneDrive\Documents\visceral\visceral-production-route\assets\asset-60.jpg,1447x1800,2411x3000,60
A61,images/labeled/a61-social-constraint-teslariu-mihai-tk-szddiuis-unsplash.jpg,teslariu-mihai-tK-SzdDiUIs-unsplash,Group 2: Social Constraint,"Pages 17-26 / Article II, The Constraint",Teslariu Mihai Tk Szddiuis / Unsplash filename,Unsplash filename present; verify source URL and license before final export.,C:\Users\toddl\OneDrive\Desktop\SCHOOL\Graph252 booklab\visceral-theory of sight assets\teslariu-mihai-tK-SzdDiUIs-unsplash.jpg,C:\Users\toddl\OneDrive\Documents\visceral\visceral-production-route\assets\asset-61.jpg,1171x1800,4464x6859,61
A62,images/labeled/a62-mediation-the-new-york-public-library-ndjv4ntdf6g-unsplash.jpg,the-new-york-public-library-ndJV4ntdF6g-unsplash,Group 3: Mediation,"Pages 27-38 / Article III, The Veil",The New York Public Library Ndjv4Ntdf6G / Unsplash filename,Unsplash filename present; verify source URL and license before final export.,C:\Users\toddl\OneDrive\Desktop\SCHOOL\Graph252 booklab\visceral-theory of sight assets\the-new-york-public-library-ndJV4ntdF6g-unsplash.jpg,C:\Users\toddl\OneDrive\Documents\visceral\visceral-production-route\assets\asset-62.jpg,1800x1394,8172x6330,62
A63,images/labeled/a63-raw-agency-toa-heftiba-fv1lunshcaw-unsplash.jpg,toa-heftiba-FV1LuNSHcAw-unsplash,Group 1: Raw Agency,"Pages 8-16 / Article I, The Body",Toa Heftiba Fv1Lunshcaw / Unsplash filename,Unsplash filename present; verify source URL and license before final export.,C:\Users\toddl\OneDrive\Desktop\SCHOOL\Graph252 booklab\visceral-theory of sight assets\toa-heftiba-FV1LuNSHcAw-unsplash.jpg,C:\Users\toddl\OneDrive\Documents\visceral\visceral-production-route\assets\asset-63.jpg,1200x1800,4000x6000,63
A64,images/labeled/a64-social-constraint-umanoide-xjp9ak1oqhw-unsplash.jpg,umanoide-XJP9Ak1oqHw-unsplash,Group 2: Social Constraint,"Pages 17-26 / Article II, The Constraint",Umanoide Xjp9Ak1Oqhw / Unsplash filename,Unsplash filename present; verify source URL and license before final export.,C:\Users\toddl\OneDrive\Desktop\SCHOOL\Graph252 booklab\visceral-theory of sight assets\umanoide-XJP9Ak1oqHw-unsplash.jpg,C:\Users\toddl\OneDrive\Documents\visceral\visceral-production-route\assets\asset-64.jpg,1800x1350,4608x3456,64
A65,images/labeled/a65-mediation-umesh-soni-hpklbuuel-k-unsplash.jpg,umesh-soni-hpklBuuel_k-unsplash,Group 3: Mediation,"Pages 27-38 / Article III, The Veil",Umesh Soni Hpklbuuel_K / Unsplash filename,Unsplash filename present; verify source URL and license before final export.,C:\Users\toddl\OneDrive\Desktop\SCHOOL\Graph252 booklab\visceral-theory of sight assets\umesh-soni-hpklBuuel_k-unsplash.jpg,C:\Users\toddl\OneDrive\Documents\visceral\visceral-production-route\assets\asset-65.jpg,1200x1800,3456x5184,65
A66,images/labeled/a66-mediation-woman-obscured-by-white-flowers-creating-a-dreamy-and-surreal-portrait-a.jpg,"Woman obscured by white flowers, creating a dreamy and surreal portrait against a dark green background",Group 3: Mediation,"Pages 27-38 / Article III, The Veil",Creator not verified,"Local/generated/unknown source; verify creator, source, and usage rights before final export.","C:\Users\toddl\OneDrive\Desktop\SCHOOL\Graph252 booklab\visceral-theory of sight assets\Woman obscured by white flowers, creating a dreamy and surreal portrait against a dark green background.jpeg",C:\Users\toddl\OneDrive\Documents\visceral\visceral-production-route\assets\asset-66.jpeg,1440x1800,1920x2400,66
A67,images/labeled/a67-social-constraint-zachary-kadolph-qbjgfnctwbu-unsplash.jpg,zachary-kadolph-qBJgfnCTwbU-unsplash,Group 2: Social Constraint,"Pages 17-26 / Article II, The Constraint",Zachary Kadolph Qbjgfnctwbu / Unsplash filename,Unsplash filename present; verify source URL and license before final export.,C:\Users\toddl\OneDrive\Desktop\SCHOOL\Graph252 booklab\visceral-theory of sight assets\zachary-kadolph-qBJgfnCTwbU-unsplash.jpg,C:\Users\toddl\OneDrive\Documents\visceral\visceral-production-route\assets\asset-67.jpg,1800x1286,4915x3511,67
