asset_id,local_production_path,original_path,creator_or_institution,title,date,rights_license_status,visual_group,intended_pages_or_section,reason_it_matches_tone,dimensions_px
A01,C:\Users\toddl\OneDrive\Documents\visceral\visceral-production-route\assets\asset-01.jpeg,"C:\Users\toddl\OneDrive\Desktop\SCHOOL\Graph252 booklab\visceral-theory of sight assets\A photograph of an attractive woman with a white lace blindfold, roses on her headband, long blonde hair, soft features.jpeg",Creator not verified,"A photograph of an attractive woman with a white lace blindfold, roses on her headband, long blonde hair, soft features",unknown,"Local/generated/unknown source; verify creator, source, and usage rights before final export.",Group 3: Mediation,"Pages 27-38 / Article III, The Veil","Fabric, lace, blur, flower, veil, or partial face makes sight mediated rather than simply hidden.",3096x3620
A02,C:\Users\toddl\OneDrive\Documents\visceral\visceral-production-route\assets\asset-02.jpeg,"C:\Users\toddl\OneDrive\Desktop\SCHOOL\Graph252 booklab\visceral-theory of sight assets\Abstract Female Portrait Hidden Vision, Pink and Black.jpeg",Creator not verified,"Abstract Female Portrait Hidden Vision, Pink and Black",unknown,"Local/generated/unknown source; verify creator, source, and usage rights before final export.",Group 2: Social Constraint,"Pages 17-26 / Article II, The Constraint","Pose, cropping, gaze control, object barrier, or social presentation turns visibility into protocol.",4096x4096
A03,C:\Users\toddl\OneDrive\Documents\visceral\visceral-production-route\assets\asset-03.jpeg,C:\Users\toddl\OneDrive\Desktop\SCHOOL\Graph252 booklab\visceral-theory of sight assets\Abstract Monochrome Portrait of a Woman A Study in Light and Shadow.jpeg,Creator not verified,Abstract Monochrome Portrait of a Woman A Study in Light and Shadow,unknown,"Local/generated/unknown source; verify creator, source, and usage rights before final export.",Group 2: Social Constraint,"Pages 17-26 / Article II, The Constraint","Pose, cropping, gaze control, object barrier, or social presentation turns visibility into protocol.",4096x4096
A04,C:\Users\toddl\OneDrive\Documents\visceral\visceral-production-route\assets\asset-04.jpeg,C:\Users\toddl\OneDrive\Desktop\SCHOOL\Graph252 booklab\visceral-theory of sight assets\AdobeStock_1021442471.jpeg,Adobe Stock contributor not verified,AdobeStock_1021442471,unknown,Adobe Stock filename present; verify local license before final export.,Group 2: Social Constraint,"Pages 17-26 / Article II, The Constraint","Pose, cropping, gaze control, object barrier, or social presentation turns visibility into protocol.",4176x5544
A05,C:\Users\toddl\OneDrive\Documents\visceral\visceral-production-route\assets\asset-05.jpeg,C:\Users\toddl\OneDrive\Desktop\SCHOOL\Graph252 booklab\visceral-theory of sight assets\AdobeStock_1024472839.jpeg,Adobe Stock contributor not verified,AdobeStock_1024472839,unknown,Adobe Stock filename present; verify local license before final export.,Group 2: Social Constraint,"Pages 17-26 / Article II, The Constraint","Pose, cropping, gaze control, object barrier, or social presentation turns visibility into protocol.",6048x4032
A06,C:\Users\toddl\OneDrive\Documents\visceral\visceral-production-route\assets\asset-06.jpeg,C:\Users\toddl\OneDrive\Desktop\SCHOOL\Graph252 booklab\visceral-theory of sight assets\AdobeStock_1040196803.jpeg,Adobe Stock contributor not verified,AdobeStock_1040196803,unknown,Adobe Stock filename present; verify local license before final export.,Group 2: Social Constraint,"Pages 17-26 / Article II, The Constraint","Pose, cropping, gaze control, object barrier, or social presentation turns visibility into protocol.",5824x3264
A07,C:\Users\toddl\OneDrive\Documents\visceral\visceral-production-route\assets\asset-07.jpeg,C:\Users\toddl\OneDrive\Desktop\SCHOOL\Graph252 booklab\visceral-theory of sight assets\AdobeStock_1044937382.jpeg,Adobe Stock contributor not verified,AdobeStock_1044937382,unknown,Adobe Stock filename present; verify local license before final export.,Group 2: Social Constraint,"Pages 17-26 / Article II, The Constraint","Pose, cropping, gaze control, object barrier, or social presentation turns visibility into protocol.",5376x3584
A08,C:\Users\toddl\OneDrive\Documents\visceral\visceral-production-route\assets\asset-08.jpeg,C:\Users\toddl\OneDrive\Desktop\SCHOOL\Graph252 booklab\visceral-theory of sight assets\AdobeStock_1225023891.jpeg,Adobe Stock contributor not verified,AdobeStock_1225023891,unknown,Adobe Stock filename present; verify local license before final export.,Group 2: Social Constraint,"Pages 17-26 / Article II, The Constraint","Pose, cropping, gaze control, object barrier, or social presentation turns visibility into protocol.",4096x4096
A09,C:\Users\toddl\OneDrive\Documents\visceral\visceral-production-route\assets\asset-09.jpeg,C:\Users\toddl\OneDrive\Desktop\SCHOOL\Graph252 booklab\visceral-theory of sight assets\AdobeStock_140076283.jpeg,Adobe Stock contributor not verified,AdobeStock_140076283,unknown,Adobe Stock filename present; verify local license before final export.,Group 2: Social Constraint,"Pages 17-26 / Article II, The Constraint","Pose, cropping, gaze control, object barrier, or social presentation turns visibility into protocol.",4500x3000
A10,C:\Users\toddl\OneDrive\Documents\visceral\visceral-production-route\assets\asset-10.jpeg,C:\Users\toddl\OneDrive\Desktop\SCHOOL\Graph252 booklab\visceral-theory of sight assets\AdobeStock_1462135790.jpeg,Adobe Stock contributor not verified,AdobeStock_1462135790,unknown,Adobe Stock filename present; verify local license before final export.,Group 2: Social Constraint,"Pages 17-26 / Article II, The Constraint","Pose, cropping, gaze control, object barrier, or social presentation turns visibility into protocol.",5824x3264
A11,C:\Users\toddl\OneDrive\Documents\visceral\visceral-production-route\assets\asset-11.jpeg,C:\Users\toddl\OneDrive\Desktop\SCHOOL\Graph252 booklab\visceral-theory of sight assets\AdobeStock_206067082.jpeg,Adobe Stock contributor not verified,AdobeStock_206067082,unknown,Adobe Stock filename present; verify local license before final export.,Group 2: Social Constraint,"Pages 17-26 / Article II, The Constraint","Pose, cropping, gaze control, object barrier, or social presentation turns visibility into protocol.",7888x3744
A12,C:\Users\toddl\OneDrive\Documents\visceral\visceral-production-route\assets\asset-12.jpeg,C:\Users\toddl\OneDrive\Desktop\SCHOOL\Graph252 booklab\visceral-theory of sight assets\AdobeStock_268225510.jpeg,Adobe Stock contributor not verified,AdobeStock_268225510,unknown,Adobe Stock filename present; verify local license before final export.,Group 2: Social Constraint,"Pages 17-26 / Article II, The Constraint","Pose, cropping, gaze control, object barrier, or social presentation turns visibility into protocol.",3677x1100
A13,C:\Users\toddl\OneDrive\Documents\visceral\visceral-production-route\assets\asset-13.jpeg,C:\Users\toddl\OneDrive\Desktop\SCHOOL\Graph252 booklab\visceral-theory of sight assets\AdobeStock_320500758.jpeg,Adobe Stock contributor not verified,AdobeStock_320500758,unknown,Adobe Stock filename present; verify local license before final export.,Group 2: Social Constraint,"Pages 17-26 / Article II, The Constraint","Pose, cropping, gaze control, object barrier, or social presentation turns visibility into protocol.",4480x6720
A14,C:\Users\toddl\OneDrive\Documents\visceral\visceral-production-route\assets\asset-14.jpeg,C:\Users\toddl\OneDrive\Desktop\SCHOOL\Graph252 booklab\visceral-theory of sight assets\AdobeStock_368079012.jpeg,Adobe Stock contributor not verified,AdobeStock_368079012,unknown,Adobe Stock filename present; verify local license before final export.,Group 2: Social Constraint,"Pages 17-26 / Article II, The Constraint","Pose, cropping, gaze control, object barrier, or social presentation turns visibility into protocol.",4692x3128
A15,C:\Users\toddl\OneDrive\Documents\visceral\visceral-production-route\assets\asset-15.jpeg,C:\Users\toddl\OneDrive\Desktop\SCHOOL\Graph252 booklab\visceral-theory of sight assets\AdobeStock_378198491.jpeg,Adobe Stock contributor not verified,AdobeStock_378198491,unknown,Adobe Stock filename present; verify local license before final export.,Group 2: Social Constraint,"Pages 17-26 / Article II, The Constraint","Pose, cropping, gaze control, object barrier, or social presentation turns visibility into protocol.",6720x4480
A16,C:\Users\toddl\OneDrive\Documents\visceral\visceral-production-route\assets\asset-16.jpeg,C:\Users\toddl\OneDrive\Desktop\SCHOOL\Graph252 booklab\visceral-theory of sight assets\AdobeStock_565582008.jpeg,Adobe Stock contributor not verified,AdobeStock_565582008,unknown,Adobe Stock filename present; verify local license before final export.,Group 2: Social Constraint,"Pages 17-26 / Article II, The Constraint","Pose, cropping, gaze control, object barrier, or social presentation turns visibility into protocol.",9216x4096
A17,C:\Users\toddl\OneDrive\Documents\visceral\visceral-production-route\assets\asset-17.jpeg,C:\Users\toddl\OneDrive\Desktop\SCHOOL\Graph252 booklab\visceral-theory of sight assets\AdobeStock_720156971.jpeg,Adobe Stock contributor not verified,AdobeStock_720156971,unknown,Adobe Stock filename present; verify local license before final export.,Group 2: Social Constraint,"Pages 17-26 / Article II, The Constraint","Pose, cropping, gaze control, object barrier, or social presentation turns visibility into protocol.",5376x3480
A18,C:\Users\toddl\OneDrive\Documents\visceral\visceral-production-route\assets\asset-18.jpeg,C:\Users\toddl\OneDrive\Desktop\SCHOOL\Graph252 booklab\visceral-theory of sight assets\AdobeStock_730927617.jpeg,Adobe Stock contributor not verified,AdobeStock_730927617,unknown,Adobe Stock filename present; verify local license before final export.,Group 2: Social Constraint,"Pages 17-26 / Article II, The Constraint","Pose, cropping, gaze control, object barrier, or social presentation turns visibility into protocol.",5952x3200
A19,C:\Users\toddl\OneDrive\Documents\visceral\visceral-production-route\assets\asset-19.jpeg,C:\Users\toddl\OneDrive\Desktop\SCHOOL\Graph252 booklab\visceral-theory of sight assets\AdobeStock_973721353.jpeg,Adobe Stock contributor not verified,AdobeStock_973721353,unknown,Adobe Stock filename present; verify local license before final export.,Group 2: Social Constraint,"Pages 17-26 / Article II, The Constraint","Pose, cropping, gaze control, object barrier, or social presentation turns visibility into protocol.",6048x4032
A20,C:\Users\toddl\OneDrive\Documents\visceral\visceral-production-route\assets\asset-20.jpg,C:\Users\toddl\OneDrive\Desktop\SCHOOL\Graph252 booklab\visceral-theory of sight assets\alex-bracken-l1SJO7TMVEc-unsplash.jpg,Alex Bracken L1Sjo7Tmvec / Unsplash filename,alex-bracken-l1SJO7TMVEc-unsplash,unknown,Unsplash filename present; verify source URL and license before final export.,Group 3: Mediation,"Pages 27-38 / Article III, The Veil","Fabric, lace, blur, flower, veil, or partial face makes sight mediated rather than simply hidden.",4608x3072
A21,C:\Users\toddl\OneDrive\Documents\visceral\visceral-production-route\assets\asset-21.jpg,C:\Users\toddl\OneDrive\Desktop\SCHOOL\Graph252 booklab\visceral-theory of sight assets\alexander-krivitskiy-az7rqWLWkhI-unsplash.jpg,Alexander Krivitskiy Az7Rqwlwkhi / Unsplash filename,alexander-krivitskiy-az7rqWLWkhI-unsplash,unknown,Unsplash filename present; verify source URL and license before final export.,Group 1: Raw Agency,"Pages 8-16 / Article I, The Body","Body, eye, hand, or facial presence reads as physical self-possession before social coding.",3844x6000
A22,C:\Users\toddl\OneDrive\Documents\visceral\visceral-production-route\assets\asset-22.jpg,C:\Users\toddl\OneDrive\Desktop\SCHOOL\Graph252 booklab\visceral-theory of sight assets\alexander-krivitskiy-GfOpUKdkMvo-unsplash.jpg,Alexander Krivitskiy Gfopukdkmvo / Unsplash filename,alexander-krivitskiy-GfOpUKdkMvo-unsplash,unknown,Unsplash filename present; verify source URL and license before final export.,Group 2: Social Constraint,"Pages 17-26 / Article II, The Constraint","Pose, cropping, gaze control, object barrier, or social presentation turns visibility into protocol.",4864x6000
A23,C:\Users\toddl\OneDrive\Documents\visceral\visceral-production-route\assets\asset-23.jpg,C:\Users\toddl\OneDrive\Desktop\SCHOOL\Graph252 booklab\visceral-theory of sight assets\allef-vinicius-DKrNTF_Jgtw-unsplash.jpg,Allef Vinicius Dkrntf_Jgtw / Unsplash filename,allef-vinicius-DKrNTF_Jgtw-unsplash,unknown,Unsplash filename present; verify source URL and license before final export.,Group 3: Mediation,"Pages 27-38 / Article III, The Veil","Fabric, lace, blur, flower, veil, or partial face makes sight mediated rather than simply hidden.",5184x3456
A24,C:\Users\toddl\OneDrive\Documents\visceral\visceral-production-route\assets\asset-24.jpg,C:\Users\toddl\OneDrive\Desktop\SCHOOL\Graph252 booklab\visceral-theory of sight assets\amir-geshani-2JH8d3ChNec-unsplash.jpg,Amir Geshani 2Jh8D3Chnec / Unsplash filename,amir-geshani-2JH8d3ChNec-unsplash,unknown,Unsplash filename present; verify source URL and license before final export.,Group 1: Raw Agency,"Pages 8-16 / Article I, The Body","Body, eye, hand, or facial presence reads as physical self-possession before social coding.",3200x4800
A25,C:\Users\toddl\OneDrive\Documents\visceral\visceral-production-route\assets\asset-25.jpg,C:\Users\toddl\OneDrive\Desktop\SCHOOL\Graph252 booklab\visceral-theory of sight assets\andrey-zvyagintsev-T8IkNlQojCQ-unsplash.jpg,Andrey Zvyagintsev T8Iknlqojcq / Unsplash filename,andrey-zvyagintsev-T8IkNlQojCQ-unsplash,unknown,Unsplash filename present; verify source URL and license before final export.,Group 2: Social Constraint,"Pages 17-26 / Article II, The Constraint","Pose, cropping, gaze control, object barrier, or social presentation turns visibility into protocol.",6000x4000
A26,C:\Users\toddl\OneDrive\Documents\visceral\visceral-production-route\assets\asset-26.jpg,C:\Users\toddl\OneDrive\Desktop\SCHOOL\Graph252 booklab\visceral-theory of sight assets\arielle-allouche-H82Rqe4griA-unsplash.jpg,Arielle Allouche H82Rqe4Gria / Unsplash filename,arielle-allouche-H82Rqe4griA-unsplash,unknown,Unsplash filename present; verify source URL and license before final export.,Group 3: Mediation,"Pages 27-38 / Article III, The Veil","Fabric, lace, blur, flower, veil, or partial face makes sight mediated rather than simply hidden.",1938x2584
A27,C:\Users\toddl\OneDrive\Documents\visceral\visceral-production-route\assets\asset-27.jpg,C:\Users\toddl\OneDrive\Desktop\SCHOOL\Graph252 booklab\visceral-theory of sight assets\baran-lotfollahi-LOBgOf8Rurg-unsplash.jpg,Baran Lotfollahi Lobgof8Rurg / Unsplash filename,baran-lotfollahi-LOBgOf8Rurg-unsplash,unknown,Unsplash filename present; verify source URL and license before final export.,Group 1: Raw Agency,"Pages 8-16 / Article I, The Body","Body, eye, hand, or facial presence reads as physical self-possession before social coding.",3456x5184
A28,C:\Users\toddl\OneDrive\Documents\visceral\visceral-production-route\assets\asset-28.jpg,C:\Users\toddl\OneDrive\Desktop\SCHOOL\Graph252 booklab\visceral-theory of sight assets\birmingham-museums-trust-oQpbeWoGD0o-unsplash.jpg,Birmingham Museums Trust Oqpbewogd0O / Unsplash filename,birmingham-museums-trust-oQpbeWoGD0o-unsplash,unknown,Unsplash filename present; verify source URL and license before final export.,Group 2: Social Constraint,"Pages 17-26 / Article II, The Constraint","Pose, cropping, gaze control, object barrier, or social presentation turns visibility into protocol.",3512x3846
A29,C:\Users\toddl\OneDrive\Documents\visceral\visceral-production-route\assets\asset-29.jpg,C:\Users\toddl\OneDrive\Desktop\SCHOOL\Graph252 booklab\visceral-theory of sight assets\boston-public-library-gRbFMxpUMU4-unsplash.jpg,Boston Public Library Grbfmxpumu4 / Unsplash filename,boston-public-library-gRbFMxpUMU4-unsplash,unknown,Unsplash filename present; verify source URL and license before final export.,Group 3: Mediation,"Pages 27-38 / Article III, The Veil","Fabric, lace, blur, flower, veil, or partial face makes sight mediated rather than simply hidden.",7064x10048
A30,C:\Users\toddl\OneDrive\Documents\visceral\visceral-production-route\assets\asset-30.jpg,C:\Users\toddl\OneDrive\Desktop\SCHOOL\Graph252 booklab\visceral-theory of sight assets\brunxs-monochrome-sPnIqdCPI9U-unsplash.jpg,Brunxs Monochrome Spniqdcpi9U / Unsplash filename,brunxs-monochrome-sPnIqdCPI9U-unsplash,unknown,Unsplash filename present; verify source URL and license before final export.,Group 1: Raw Agency,"Pages 8-16 / Article I, The Body","Body, eye, hand, or facial presence reads as physical self-possession before social coding.",5316x3549
A31,C:\Users\toddl\OneDrive\Documents\visceral\visceral-production-route\assets\asset-31.jpg,C:\Users\toddl\OneDrive\Desktop\SCHOOL\Graph252 booklab\visceral-theory of sight assets\caleb-kastein-lmNz6-ICIM8-unsplash.jpg,Caleb Kastein Lmnz6 Icim8 / Unsplash filename,caleb-kastein-lmNz6-ICIM8-unsplash,unknown,Unsplash filename present; verify source URL and license before final export.,Group 2: Social Constraint,"Pages 17-26 / Article II, The Constraint","Pose, cropping, gaze control, object barrier, or social presentation turns visibility into protocol.",3842x4629
A32,C:\Users\toddl\OneDrive\Documents\visceral\visceral-production-route\assets\asset-32.jpg,C:\Users\toddl\OneDrive\Desktop\SCHOOL\Graph252 booklab\visceral-theory of sight assets\camila-quintero-franco-mC852jACK1g-unsplash.jpg,Camila Quintero Franco Mc852Jack1G / Unsplash filename,camila-quintero-franco-mC852jACK1g-unsplash,unknown,Unsplash filename present; verify source URL and license before final export.,Group 3: Mediation,"Pages 27-38 / Article III, The Veil","Fabric, lace, blur, flower, veil, or partial face makes sight mediated rather than simply hidden.",4000x5832
A33,C:\Users\toddl\OneDrive\Documents\visceral\visceral-production-route\assets\asset-33.jpg,C:\Users\toddl\OneDrive\Desktop\SCHOOL\Graph252 booklab\visceral-theory of sight assets\carl-cheng-o4L-veTcXHY-unsplash.jpg,Carl Cheng O4L Vetcxhy / Unsplash filename,carl-cheng-o4L-veTcXHY-unsplash,unknown,Unsplash filename present; verify source URL and license before final export.,Group 1: Raw Agency,"Pages 8-16 / Article I, The Body","Body, eye, hand, or facial presence reads as physical self-possession before social coding.",7360x4912
A34,C:\Users\toddl\OneDrive\Documents\visceral\visceral-production-route\assets\asset-34.jpg,C:\Users\toddl\OneDrive\Desktop\SCHOOL\Graph252 booklab\visceral-theory of sight assets\cole-keister-D6zQt8NfIq4-unsplash.jpg,Cole Keister D6Zqt8Nfiq4 / Unsplash filename,cole-keister-D6zQt8NfIq4-unsplash,unknown,Unsplash filename present; verify source URL and license before final export.,Group 2: Social Constraint,"Pages 17-26 / Article II, The Constraint","Pose, cropping, gaze control, object barrier, or social presentation turns visibility into protocol.",3442x4589
A35,C:\Users\toddl\OneDrive\Documents\visceral\visceral-production-route\assets\asset-35.jpg,C:\Users\toddl\OneDrive\Desktop\SCHOOL\Graph252 booklab\visceral-theory of sight assets\darius-bashar-3XEgKKBinCk-unsplash.jpg,Darius Bashar 3Xegkkbinck / Unsplash filename,darius-bashar-3XEgKKBinCk-unsplash,unknown,Unsplash filename present; verify source URL and license before final export.,Group 3: Mediation,"Pages 27-38 / Article III, The Veil","Fabric, lace, blur, flower, veil, or partial face makes sight mediated rather than simply hidden.",4032x2688
A36,C:\Users\toddl\OneDrive\Documents\visceral\visceral-production-route\assets\asset-36.jpg,C:\Users\toddl\OneDrive\Desktop\SCHOOL\Graph252 booklab\visceral-theory of sight assets\drew-dizzy-graham-cTKGZJTMJQU-unsplash.jpg,Drew Dizzy Graham Ctkgzjtmjqu / Unsplash filename,drew-dizzy-graham-cTKGZJTMJQU-unsplash,unknown,Unsplash filename present; verify source URL and license before final export.,Group 1: Raw Agency,"Pages 8-16 / Article I, The Body","Body, eye, hand, or facial presence reads as physical self-possession before social coding.",4480x6720
A37,C:\Users\toddl\OneDrive\Documents\visceral\visceral-production-route\assets\asset-37.jpg,C:\Users\toddl\OneDrive\Desktop\SCHOOL\Graph252 booklab\visceral-theory of sight assets\elias-maurer-sSpLu7IPC8g-unsplash.jpg,Elias Maurer Ssplu7Ipc8G / Unsplash filename,elias-maurer-sSpLu7IPC8g-unsplash,unknown,Unsplash filename present; verify source URL and license before final export.,Group 2: Social Constraint,"Pages 17-26 / Article II, The Constraint","Pose, cropping, gaze control, object barrier, or social presentation turns visibility into protocol.",3138x4716
A38,C:\Users\toddl\OneDrive\Documents\visceral\visceral-production-route\assets\asset-38.jpg,C:\Users\toddl\OneDrive\Desktop\SCHOOL\Graph252 booklab\visceral-theory of sight assets\elvis-kaiser-Rqbk5ez6Qa0-unsplash.jpg,Elvis Kaiser Rqbk5Ez6Qa0 / Unsplash filename,elvis-kaiser-Rqbk5ez6Qa0-unsplash,unknown,Unsplash filename present; verify source URL and license before final export.,Group 3: Mediation,"Pages 27-38 / Article III, The Veil","Fabric, lace, blur, flower, veil, or partial face makes sight mediated rather than simply hidden.",4000x6000
A39,C:\Users\toddl\OneDrive\Documents\visceral\visceral-production-route\assets\asset-39.jpg,C:\Users\toddl\OneDrive\Desktop\SCHOOL\Graph252 booklab\visceral-theory of sight assets\enesh-taganova-IoXGIDqVqYQ-unsplash (1).jpg,Enesh Taganova Ioxgidqvqyq / Unsplash filename,enesh-taganova-IoXGIDqVqYQ-unsplash (1),unknown,Unsplash filename present; verify source URL and license before final export.,Group 1: Raw Agency,"Pages 8-16 / Article I, The Body","Body, eye, hand, or facial presence reads as physical self-possession before social coding.",2400x3398
A40,C:\Users\toddl\OneDrive\Documents\visceral\visceral-production-route\assets\asset-40.jpg,C:\Users\toddl\OneDrive\Desktop\SCHOOL\Graph252 booklab\visceral-theory of sight assets\erik-mclean-gjtz5cKGEEw-unsplash.jpg,Erik Mclean Gjtz5Ckgeew / Unsplash filename,erik-mclean-gjtz5cKGEEw-unsplash,unknown,Unsplash filename present; verify source URL and license before final export.,Group 2: Social Constraint,"Pages 17-26 / Article II, The Constraint","Pose, cropping, gaze control, object barrier, or social presentation turns visibility into protocol.",4180x2787
A41,C:\Users\toddl\OneDrive\Documents\visceral\visceral-production-route\assets\asset-41.jpg,C:\Users\toddl\OneDrive\Desktop\SCHOOL\Graph252 booklab\visceral-theory of sight assets\europeana-lBt8NEWOnko-unsplash.jpg,Europeana Lbt8Newonko / Unsplash filename,europeana-lBt8NEWOnko-unsplash,unknown,Unsplash filename present; verify source URL and license before final export.,Group 3: Mediation,"Pages 27-38 / Article III, The Veil","Fabric, lace, blur, flower, veil, or partial face makes sight mediated rather than simply hidden.",3144x4212
A42,C:\Users\toddl\OneDrive\Documents\visceral\visceral-production-route\assets\asset-42.jpg,C:\Users\toddl\OneDrive\Desktop\SCHOOL\Graph252 booklab\visceral-theory of sight assets\europeana-wwgHncxMcQI-unsplash.jpg,Europeana Wwghncxmcqi / Unsplash filename,europeana-wwgHncxMcQI-unsplash,unknown,Unsplash filename present; verify source URL and license before final export.,Group 1: Raw Agency,"Pages 8-16 / Article I, The Body","Body, eye, hand, or facial presence reads as physical self-possession before social coding.",2787x3492
A43,C:\Users\toddl\OneDrive\Documents\visceral\visceral-production-route\assets\asset-43.jpg,C:\Users\toddl\OneDrive\Desktop\SCHOOL\Graph252 booklab\visceral-theory of sight assets\evilicio-inc-1HTY8zLsWLs-unsplash.jpg,Evilicio Inc 1Hty8Zlswls / Unsplash filename,evilicio-inc-1HTY8zLsWLs-unsplash,unknown,Unsplash filename present; verify source URL and license before final export.,Group 2: Social Constraint,"Pages 17-26 / Article II, The Constraint","Pose, cropping, gaze control, object barrier, or social presentation turns visibility into protocol.",2240x3137
A44,C:\Users\toddl\OneDrive\Documents\visceral\visceral-production-route\assets\asset-44.jpg,C:\Users\toddl\OneDrive\Desktop\SCHOOL\Graph252 booklab\visceral-theory of sight assets\flaviu-costin-Vr-sBbCWklc-unsplash.jpg,Flaviu Costin Vr Sbbcwklc / Unsplash filename,flaviu-costin-Vr-sBbCWklc-unsplash,unknown,Unsplash filename present; verify source URL and license before final export.,Group 3: Mediation,"Pages 27-38 / Article III, The Veil","Fabric, lace, blur, flower, veil, or partial face makes sight mediated rather than simply hidden.",4000x6000
A45,C:\Users\toddl\OneDrive\Documents\visceral\visceral-production-route\assets\asset-45.jpg,C:\Users\toddl\OneDrive\Desktop\SCHOOL\Graph252 booklab\visceral-theory of sight assets\good-faces-R8VSYtyY2oE-unsplash.jpg,Good Faces R8Vsytyy2Oe / Unsplash filename,good-faces-R8VSYtyY2oE-unsplash,unknown,Unsplash filename present; verify source URL and license before final export.,Group 1: Raw Agency,"Pages 8-16 / Article I, The Body","Body, eye, hand, or facial presence reads as physical self-possession before social coding.",2730x4096
A46,C:\Users\toddl\OneDrive\Documents\visceral\visceral-production-route\assets\asset-46.jpg,C:\Users\toddl\OneDrive\Desktop\SCHOOL\Graph252 booklab\visceral-theory of sight assets\harry-quan-G1iYCeCW2EI-unsplash.jpg,Harry Quan G1Iycecw2Ei / Unsplash filename,harry-quan-G1iYCeCW2EI-unsplash,unknown,Unsplash filename present; verify source URL and license before final export.,Group 2: Social Constraint,"Pages 17-26 / Article II, The Constraint","Pose, cropping, gaze control, object barrier, or social presentation turns visibility into protocol.",2619x1749
A47,C:\Users\toddl\OneDrive\Documents\visceral\visceral-production-route\assets\asset-47.jpg,C:\Users\toddl\OneDrive\Desktop\SCHOOL\Graph252 booklab\visceral-theory of sight assets\igor-rand-GIW9CCL3HxA-unsplash.jpg,Igor Rand Giw9Ccl3Hxa / Unsplash filename,igor-rand-GIW9CCL3HxA-unsplash,unknown,Unsplash filename present; verify source URL and license before final export.,Group 3: Mediation,"Pages 27-38 / Article III, The Veil","Fabric, lace, blur, flower, veil, or partial face makes sight mediated rather than simply hidden.",5152x6869
A48,C:\Users\toddl\OneDrive\Documents\visceral\visceral-production-route\assets\asset-48.jpg,C:\Users\toddl\OneDrive\Desktop\SCHOOL\Graph252 booklab\visceral-theory of sight assets\ilya-mondryk-OCEeo0aYN1s-unsplash.jpg,Ilya Mondryk Oceeo0Ayn1S / Unsplash filename,ilya-mondryk-OCEeo0aYN1s-unsplash,unknown,Unsplash filename present; verify source URL and license before final export.,Group 1: Raw Agency,"Pages 8-16 / Article I, The Body","Body, eye, hand, or facial presence reads as physical self-possession before social coding.",2912x4368
A49,C:\Users\toddl\OneDrive\Documents\visceral\visceral-production-route\assets\asset-49.jpg,C:\Users\toddl\OneDrive\Desktop\SCHOOL\Graph252 booklab\visceral-theory of sight assets\janko-ferlic-brZT6bdt6NA-unsplash.jpg,Janko Ferlic Brzt6Bdt6Na / Unsplash filename,janko-ferlic-brZT6bdt6NA-unsplash,unknown,Unsplash filename present; verify source URL and license before final export.,Group 2: Social Constraint,"Pages 17-26 / Article II, The Constraint","Pose, cropping, gaze control, object barrier, or social presentation turns visibility into protocol.",4912x3930
A50,C:\Users\toddl\OneDrive\Documents\visceral\visceral-production-route\assets\asset-50.jpg,C:\Users\toddl\OneDrive\Desktop\SCHOOL\Graph252 booklab\visceral-theory of sight assets\jr-korpa-0lOkeLbdsBw-unsplash.jpg,Jr Korpa 0Lokelbdsbw / Unsplash filename,jr-korpa-0lOkeLbdsBw-unsplash,unknown,Unsplash filename present; verify source URL and license before final export.,Group 3: Mediation,"Pages 27-38 / Article III, The Veil","Fabric, lace, blur, flower, veil, or partial face makes sight mediated rather than simply hidden.",6000x3573
A51,C:\Users\toddl\OneDrive\Documents\visceral\visceral-production-route\assets\asset-51.jpg,C:\Users\toddl\OneDrive\Desktop\SCHOOL\Graph252 booklab\visceral-theory of sight assets\library-of-congress-v0jInHBf3XQ-unsplash.jpg,Library Of Congress V0Jinhbf3Xq / Unsplash filename,library-of-congress-v0jInHBf3XQ-unsplash,unknown,Unsplash filename present; verify source URL and license before final export.,Group 1: Raw Agency,"Pages 8-16 / Article I, The Body","Body, eye, hand, or facial presence reads as physical self-possession before social coding.",2493x3661
A52,C:\Users\toddl\OneDrive\Documents\visceral\visceral-production-route\assets\asset-52.jpg,C:\Users\toddl\OneDrive\Desktop\SCHOOL\Graph252 booklab\visceral-theory of sight assets\lorraine-hill-4dyXkga2GxA-unsplash.jpg,Lorraine Hill 4Dyxkga2Gxa / Unsplash filename,lorraine-hill-4dyXkga2GxA-unsplash,unknown,Unsplash filename present; verify source URL and license before final export.,Group 2: Social Constraint,"Pages 17-26 / Article II, The Constraint","Pose, cropping, gaze control, object barrier, or social presentation turns visibility into protocol.",2316x3088
A53,C:\Users\toddl\OneDrive\Documents\visceral\visceral-production-route\assets\asset-53.jpg,C:\Users\toddl\OneDrive\Desktop\SCHOOL\Graph252 booklab\visceral-theory of sight assets\mahdi-bafande-rw-AZxeky7Q-unsplash.jpg,Mahdi Bafande Rw Azxeky7Q / Unsplash filename,mahdi-bafande-rw-AZxeky7Q-unsplash,unknown,Unsplash filename present; verify source URL and license before final export.,Group 3: Mediation,"Pages 27-38 / Article III, The Veil","Fabric, lace, blur, flower, veil, or partial face makes sight mediated rather than simply hidden.",4000x6000
A54,C:\Users\toddl\OneDrive\Documents\visceral\visceral-production-route\assets\asset-54.jpg,C:\Users\toddl\OneDrive\Desktop\SCHOOL\Graph252 booklab\visceral-theory of sight assets\nastia-petruk-F-HAjYv3WyE-unsplash.jpg,Nastia Petruk F Hajyv3Wye / Unsplash filename,nastia-petruk-F-HAjYv3WyE-unsplash,unknown,Unsplash filename present; verify source URL and license before final export.,Group 1: Raw Agency,"Pages 8-16 / Article I, The Body","Body, eye, hand, or facial presence reads as physical self-possession before social coding.",4797x3198
A55,C:\Users\toddl\OneDrive\Documents\visceral\visceral-production-route\assets\asset-55.jpg,C:\Users\toddl\OneDrive\Desktop\SCHOOL\Graph252 booklab\visceral-theory of sight assets\nina-zeynep-guler-fjJiVSX-BxM-unsplash.jpg,Nina Zeynep Guler Fjjivsx Bxm / Unsplash filename,nina-zeynep-guler-fjJiVSX-BxM-unsplash,unknown,Unsplash filename present; verify source URL and license before final export.,Group 2: Social Constraint,"Pages 17-26 / Article II, The Constraint","Pose, cropping, gaze control, object barrier, or social presentation turns visibility into protocol.",4160x6240
A56,C:\Users\toddl\OneDrive\Documents\visceral\visceral-production-route\assets\asset-56.jpg,C:\Users\toddl\OneDrive\Desktop\SCHOOL\Graph252 booklab\visceral-theory of sight assets\noah-buscher-11lDEHFy_hA-unsplash.jpg,Noah Buscher 11Ldehfy_Ha / Unsplash filename,noah-buscher-11lDEHFy_hA-unsplash,unknown,Unsplash filename present; verify source URL and license before final export.,Group 3: Mediation,"Pages 27-38 / Article III, The Veil","Fabric, lace, blur, flower, veil, or partial face makes sight mediated rather than simply hidden.",3000x3000
A57,C:\Users\toddl\OneDrive\Documents\visceral\visceral-production-route\assets\asset-57.jpg,C:\Users\toddl\OneDrive\Desktop\SCHOOL\Graph252 booklab\visceral-theory of sight assets\ovie-ogege-6bwT4cI_UJs-unsplash.jpg,Ovie Ogege 6Bwt4Ci_Ujs / Unsplash filename,ovie-ogege-6bwT4cI_UJs-unsplash,unknown,Unsplash filename present; verify source URL and license before final export.,Group 1: Raw Agency,"Pages 8-16 / Article I, The Body","Body, eye, hand, or facial presence reads as physical self-possession before social coding.",3456x4320
A58,C:\Users\toddl\OneDrive\Documents\visceral\visceral-production-route\assets\asset-58.jpg,C:\Users\toddl\OneDrive\Desktop\SCHOOL\Graph252 booklab\visceral-theory of sight assets\see-plus-NP3s9BYOqAc-unsplash.jpg,See Plus Np3S9Byoqac / Unsplash filename,see-plus-NP3s9BYOqAc-unsplash,unknown,Unsplash filename present; verify source URL and license before final export.,Group 2: Social Constraint,"Pages 17-26 / Article II, The Constraint","Pose, cropping, gaze control, object barrier, or social presentation turns visibility into protocol.",6336x9467
A59,C:\Users\toddl\OneDrive\Documents\visceral\visceral-production-route\assets\asset-59.jpg,C:\Users\toddl\OneDrive\Desktop\SCHOOL\Graph252 booklab\visceral-theory of sight assets\smithsonian-ELPq3W9Epnk-unsplash.jpg,Smithsonian Elpq3W9Epnk / Unsplash filename,smithsonian-ELPq3W9Epnk-unsplash,unknown,Unsplash filename present; verify source URL and license before final export.,Group 3: Mediation,"Pages 27-38 / Article III, The Veil","Fabric, lace, blur, flower, veil, or partial face makes sight mediated rather than simply hidden.",2939x2453
A60,C:\Users\toddl\OneDrive\Documents\visceral\visceral-production-route\assets\asset-60.jpg,C:\Users\toddl\OneDrive\Desktop\SCHOOL\Graph252 booklab\visceral-theory of sight assets\smithsonian-OtG-Zz0tYbE-unsplash.jpg,Smithsonian Otg Zz0Tybe / Unsplash filename,smithsonian-OtG-Zz0tYbE-unsplash,unknown,Unsplash filename present; verify source URL and license before final export.,Group 1: Raw Agency,"Pages 8-16 / Article I, The Body","Body, eye, hand, or facial presence reads as physical self-possession before social coding.",2411x3000
A61,C:\Users\toddl\OneDrive\Documents\visceral\visceral-production-route\assets\asset-61.jpg,C:\Users\toddl\OneDrive\Desktop\SCHOOL\Graph252 booklab\visceral-theory of sight assets\teslariu-mihai-tK-SzdDiUIs-unsplash.jpg,Teslariu Mihai Tk Szddiuis / Unsplash filename,teslariu-mihai-tK-SzdDiUIs-unsplash,unknown,Unsplash filename present; verify source URL and license before final export.,Group 2: Social Constraint,"Pages 17-26 / Article II, The Constraint","Pose, cropping, gaze control, object barrier, or social presentation turns visibility into protocol.",4464x6859
A62,C:\Users\toddl\OneDrive\Documents\visceral\visceral-production-route\assets\asset-62.jpg,C:\Users\toddl\OneDrive\Desktop\SCHOOL\Graph252 booklab\visceral-theory of sight assets\the-new-york-public-library-ndJV4ntdF6g-unsplash.jpg,The New York Public Library Ndjv4Ntdf6G / Unsplash filename,the-new-york-public-library-ndJV4ntdF6g-unsplash,unknown,Unsplash filename present; verify source URL and license before final export.,Group 3: Mediation,"Pages 27-38 / Article III, The Veil","Fabric, lace, blur, flower, veil, or partial face makes sight mediated rather than simply hidden.",8172x6330
A63,C:\Users\toddl\OneDrive\Documents\visceral\visceral-production-route\assets\asset-63.jpg,C:\Users\toddl\OneDrive\Desktop\SCHOOL\Graph252 booklab\visceral-theory of sight assets\toa-heftiba-FV1LuNSHcAw-unsplash.jpg,Toa Heftiba Fv1Lunshcaw / Unsplash filename,toa-heftiba-FV1LuNSHcAw-unsplash,unknown,Unsplash filename present; verify source URL and license before final export.,Group 1: Raw Agency,"Pages 8-16 / Article I, The Body","Body, eye, hand, or facial presence reads as physical self-possession before social coding.",4000x6000
A64,C:\Users\toddl\OneDrive\Documents\visceral\visceral-production-route\assets\asset-64.jpg,C:\Users\toddl\OneDrive\Desktop\SCHOOL\Graph252 booklab\visceral-theory of sight assets\umanoide-XJP9Ak1oqHw-unsplash.jpg,Umanoide Xjp9Ak1Oqhw / Unsplash filename,umanoide-XJP9Ak1oqHw-unsplash,unknown,Unsplash filename present; verify source URL and license before final export.,Group 2: Social Constraint,"Pages 17-26 / Article II, The Constraint","Pose, cropping, gaze control, object barrier, or social presentation turns visibility into protocol.",4608x3456
A65,C:\Users\toddl\OneDrive\Documents\visceral\visceral-production-route\assets\asset-65.jpg,C:\Users\toddl\OneDrive\Desktop\SCHOOL\Graph252 booklab\visceral-theory of sight assets\umesh-soni-hpklBuuel_k-unsplash.jpg,Umesh Soni Hpklbuuel_K / Unsplash filename,umesh-soni-hpklBuuel_k-unsplash,unknown,Unsplash filename present; verify source URL and license before final export.,Group 3: Mediation,"Pages 27-38 / Article III, The Veil","Fabric, lace, blur, flower, veil, or partial face makes sight mediated rather than simply hidden.",3456x5184
A66,C:\Users\toddl\OneDrive\Documents\visceral\visceral-production-route\assets\asset-66.jpeg,"C:\Users\toddl\OneDrive\Desktop\SCHOOL\Graph252 booklab\visceral-theory of sight assets\Woman obscured by white flowers, creating a dreamy and surreal portrait against a dark green background.jpeg",Creator not verified,"Woman obscured by white flowers, creating a dreamy and surreal portrait against a dark green background",unknown,"Local/generated/unknown source; verify creator, source, and usage rights before final export.",Group 3: Mediation,"Pages 27-38 / Article III, The Veil","Fabric, lace, blur, flower, veil, or partial face makes sight mediated rather than simply hidden.",1920x2400
A67,C:\Users\toddl\OneDrive\Documents\visceral\visceral-production-route\assets\asset-67.jpg,C:\Users\toddl\OneDrive\Desktop\SCHOOL\Graph252 booklab\visceral-theory of sight assets\zachary-kadolph-qBJgfnCTwbU-unsplash.jpg,Zachary Kadolph Qbjgfnctwbu / Unsplash filename,zachary-kadolph-qBJgfnCTwbU-unsplash,unknown,Unsplash filename present; verify source URL and license before final export.,Group 2: Social Constraint,"Pages 17-26 / Article II, The Constraint","Pose, cropping, gaze control, object barrier, or social presentation turns visibility into protocol.",4915x3511
